INSERT INTO pages VALUES ('dcf043c9-b897-4444-9252-fcfc996b0db8', 'about', 'About', NULL, NULL, NULL);
INSERT INTO pages VALUES ('f27287a0-06c0-4b01-8380-fb2ba3a318a8', 'accreditation', 'Accreditation', NULL, NULL, NULL);
INSERT INTO pages VALUES ('07918316-875e-4581-87ab-5b8d1d8bdd3a', 'dan-boone', 'Dan Boone', NULL, NULL, NULL);
INSERT INTO pages VALUES ('80d10989-2dbb-4d64-98a0-eb8739ccb77f', 'dan-boone-deep-state', 'Dan Boone Deep State', NULL, NULL, '2025-10-20 00:00:00');
INSERT INTO pages VALUES ('1e5430e8-b398-4ed8-986e-71a4ade8228d', 'history', 'History', NULL, NULL, NULL);
INSERT INTO pages VALUES ('5f33ce0e-2e16-4ffb-aa8a-cd9794a7608c', 'mission-and-goals', 'Mission And Goals', NULL, NULL, NULL);
INSERT INTO pages VALUES ('1cbe7062-1e76-401f-98e2-f71ca69a9480', 'nazarene-beliefs', 'Nazarene Beliefs', NULL, NULL, NULL);
INSERT INTO pages VALUES ('60b6b10c-db33-4b4c-9dcf-566f5b3c59a4', 'newsies', 'Newsies', NULL, '2025-11-12', NULL);
INSERT INTO pages VALUES ('44927247-4240-44c4-91fa-faac2b1d264e', 'offices-services', 'Offices & Services', NULL, NULL, NULL);
INSERT INTO pages VALUES ('c32b2206-ca5f-407c-b6d0-89b7da1e4c2b', 'spiritual-life', 'Spiritual Life', NULL, NULL, NULL);

INSERT INTO revisions VALUES ('1978e5ee-8906-4da2-a930-47b394029bae', '1e5430e8-b398-4ed8-986e-71a4ade8228d', '2026-01-26 00:13:59.188244', 'pdhager', 'history', 'History', NULL, NULL);
INSERT INTO revisions VALUES ('2d4460fe-9cd6-4707-bf78-b2c38f009e29', 'f27287a0-06c0-4b01-8380-fb2ba3a318a8', '2026-01-26 00:13:59.170213', 'pdhager', 'accreditation', 'Accreditation', NULL, NULL);
INSERT INTO revisions VALUES ('3d40609d-c30e-460c-a8d4-5b828a36211c', '1cbe7062-1e76-401f-98e2-f71ca69a9480', '2026-01-26 00:13:59.216109', 'pdhager', 'nazarene-beliefs', 'Nazarene Beliefs', NULL, NULL);
INSERT INTO revisions VALUES ('4a76899b-0051-444d-92cb-8017f09f2fea', '07918316-875e-4581-87ab-5b8d1d8bdd3a', '2025-12-18 20:18:09.115549', '0000001', 'dan-boone', 'Dan Boone', NULL, NULL);
INSERT INTO revisions VALUES ('68710e0f-a6cb-4ef8-8744-b070f0b6179d', '44927247-4240-44c4-91fa-faac2b1d264e', '2026-01-26 00:13:59.228129', 'pdhager', 'offices-services', 'Offices & Services', NULL, NULL);
INSERT INTO revisions VALUES ('902c4606-9ef0-4a34-8913-1016a87ac62b', '5f33ce0e-2e16-4ffb-aa8a-cd9794a7608c', '2026-01-26 00:13:59.202115', 'pdhager', 'mission-and-goals', 'Mission And Goals', NULL, NULL);
INSERT INTO revisions VALUES ('a9519a06-c79d-4f41-a3e4-0cb919d0127c', 'c32b2206-ca5f-407c-b6d0-89b7da1e4c2b', '2026-01-24 22:13:23.402381', 'pdhager', 'spiritual-life', 'Spiritual Life', NULL, NULL);
INSERT INTO revisions VALUES ('e7f9f820-2e2d-49c1-954f-77537a951bc5', 'dcf043c9-b897-4444-9252-fcfc996b0db8', '2026-01-26 00:06:05.117809', 'pdhager', 'about', 'About', NULL, NULL);
INSERT INTO revisions VALUES ('e98eb510-8a71-401b-9797-2d08e45151b9', '07918316-875e-4581-87ab-5b8d1d8bdd3a', '2025-12-18 20:18:00', 'pdhager', 'dan-boone', 'Dan Boone', NULL, NULL);

INSERT INTO snapshots VALUES ('2b740a08-1c34-497e-a188-21273a8c8c10', '1e5430e8-b398-4ed8-986e-71a4ade8228d', '1978e5ee-8906-4da2-a930-47b394029bae');
INSERT INTO snapshots VALUES ('46976289-d152-43d3-a2d7-f75b3102e471', '07918316-875e-4581-87ab-5b8d1d8bdd3a', 'e98eb510-8a71-401b-9797-2d08e45151b9');
INSERT INTO snapshots VALUES ('48058e21-dd8b-43aa-ab25-ce0fa6b5ea48', '5f33ce0e-2e16-4ffb-aa8a-cd9794a7608c', '902c4606-9ef0-4a34-8913-1016a87ac62b');
INSERT INTO snapshots VALUES ('53162b0f-0028-41a9-87cd-c5355c7301a6', 'f27287a0-06c0-4b01-8380-fb2ba3a318a8', '2d4460fe-9cd6-4707-bf78-b2c38f009e29');
INSERT INTO snapshots VALUES ('782a600a-970b-41c3-8b97-e0ce3a9a5c95', 'dcf043c9-b897-4444-9252-fcfc996b0db8', 'e7f9f820-2e2d-49c1-954f-77537a951bc5');
INSERT INTO snapshots VALUES ('7fadf97b-ca8e-4590-8aeb-e53b68277f36', '1cbe7062-1e76-401f-98e2-f71ca69a9480', '3d40609d-c30e-460c-a8d4-5b828a36211c');
INSERT INTO snapshots VALUES ('94bf862a-05be-4d84-8c04-609bbc4b6638', '44927247-4240-44c4-91fa-faac2b1d264e', '68710e0f-a6cb-4ef8-8744-b070f0b6179d');
INSERT INTO snapshots VALUES ('fc6037c1-296c-4ffa-be7f-b81b893680c8', 'c32b2206-ca5f-407c-b6d0-89b7da1e4c2b', 'a9519a06-c79d-4f41-a3e4-0cb919d0127c');

INSERT INTO categories (slug, name) VALUES ('people', 'People');
INSERT INTO categories (slug, name) VALUES ('buildings', 'Buildings');
INSERT INTO categories (slug, name) VALUES ('departments', 'Departments');
INSERT INTO categories (slug, name) VALUES ('student-life', 'Student Life');
INSERT INTO categories (slug, name) VALUES ('miscellaneous', 'Miscellaneous');

INSERT INTO page_categories VALUES ('07918316-875e-4581-87ab-5b8d1d8bdd3a', '1');
INSERT INTO page_categories VALUES ('60b6b10c-db33-4b4c-9dcf-566f5b3c59a4', '4');
INSERT INTO page_categories VALUES ('80d10989-2dbb-4d64-98a0-eb8739ccb77f', '5');
INSERT INTO page_categories VALUES ('c32b2206-ca5f-407c-b6d0-89b7da1e4c2b', '4');
